{
  "stat0p5_align0p5_otsub0p5_lr0p0001": {
    "status": "ok",
    "total": 0.1663643466308713,
    "ke": 1.329894095659256,
    "stationarity": 0.29530457966029644,
    "align": 0.00622082146583125,
    "ot_sub": 0.030937311006709933
  },
  "stat0p5_align0p5_otsub0p5_lr0p001": {
    "status": "ok",
    "total": 0.04202760010957718,
    "ke": 14.60826551914215,
    "stationarity": 0.04143091454170644,
    "align": 0.0074583267560228705,
    "ot_sub": 0.03224430582486093
  },
  "stat0p5_align0p5_otsub0p5_lr0p005": {
    "status": "ok",
    "total": 0.0338465862441808,
    "ke": 43.482322692871094,
    "stationarity": 0.027197838528081775,
    "align": 0.009275721036829054,
    "ot_sub": 0.02252314891666174
  },
  "stat0p5_align0p5_otsub0p5_lr0p01": {
    "status": "ok",
    "total": 0.35985904932022095,
    "ke": 22.85382390022278,
    "stationarity": 0.4786536265164614,
    "align": 0.049435730557888746,
    "ot_sub": 0.18705797381699085
  },
  "stat0p5_align0p5_otsub1p0_lr0p0001": {
    "status": "ok",
    "total": 0.2941568773239851,
    "ke": 0.24594768695533276,
    "stationarity": 0.5538939610123634,
    "align": 0.004609405848896131,
    "ot_sub": 0.014880600618198514
  },
  "stat0p5_align0p5_otsub1p0_lr0p001": {
    "status": "ok",
    "total": 0.0733490171842277,
    "ke": 6.646233439445496,
    "stationarity": 0.08160643232986331,
    "align": 0.006419458368327469,
    "ot_sub": 0.028671448584645987
  },
  "stat0p5_align0p5_otsub1p0_lr0p005": {
    "status": "ok",
    "total": 0.0395363075658679,
    "ke": 34.96616172790527,
    "stationarity": 0.030175684252753854,
    "align": 0.008591224323026836,
    "ot_sub": 0.016656236723065376
  },
  "stat0p5_align0p5_otsub1p0_lr0p01": {
    "status": "ok",
    "total": 0.06915572192519903,
    "ke": 19.233081817626953,
    "stationarity": 0.07575856521725655,
    "align": 0.017758991103619337,
    "ot_sub": 0.020473634358495474
  },
  "stat0p5_align0p5_otsub2p0_lr0p0001": {
    "status": "ok",
    "total": 0.37930842489004135,
    "ke": 0.0013018545287195593,
    "stationarity": 0.7467512860894203,
    "align": 0.005007672210922465,
    "ot_sub": 0.0017144070006906986
  },
  "stat0p5_align0p5_otsub2p0_lr0p001": {
    "status": "ok",
    "total": 0.21201607026159763,
    "ke": 2.1500431150197983,
    "stationarity": 0.32036176696419716,
    "align": 0.006834875443018973,
    "ot_sub": 0.024101373739540577
  },
  "stat0p5_align0p5_otsub2p0_lr0p005": {
    "status": "ok",
    "total": 0.064895193092525,
    "ke": 37.771976947784424,
    "stationarity": 0.031074549769982696,
    "align": 0.010493972338736057,
    "ot_sub": 0.020166867412626743
  },
  "stat0p5_align0p5_otsub2p0_lr0p01": {
    "status": "ok",
    "total": 3.051079422235489,
    "ke": 331.1910591125488,
    "stationarity": 0.9721509218215942,
    "align": 1.1821791529655457,
    "ot_sub": 0.9703976362943649
  },
  "stat0p5_align0p5_otsub5p0_lr0p0001": {
    "status": "ok",
    "total": 0.38676703348755836,
    "ke": 0.00037604913086397573,
    "stationarity": 0.7610195577144623,
    "align": 0.006885960552608594,
    "ot_sub": 0.0005628492217510939
  },
  "stat0p5_align0p5_otsub5p0_lr0p001": {
    "status": "ok",
    "total": 0.39254555851221085,
    "ke": 0.0019947982364101335,
    "stationarity": 0.7494799047708511,
    "align": 0.012474637245759368,
    "ot_sub": 0.0023136178497225046
  },
  "stat0p5_align0p5_otsub5p0_lr0p005": {
    "status": "ok",
    "total": 0.1204273859038949,
    "ke": 22.147021770477295,
    "stationarity": 0.05168643011711538,
    "align": 0.009274891577661037,
    "ot_sub": 0.017546404153108597
  },
  "stat0p5_align0p5_otsub5p0_lr0p01": {
    "status": "ok",
    "total": 0.17858213931322098,
    "ke": 18.120941877365112,
    "stationarity": 0.12690315581858158,
    "align": 0.019042987376451492,
    "ot_sub": 0.020759394858032465
  },
  "stat0p5_align1p0_otsub0p5_lr0p0001": {
    "status": "ok",
    "total": 0.2700241431593895,
    "ke": 0.5900155603885651,
    "stationarity": 0.5041548013687134,
    "align": 0.004658904392272234,
    "ot_sub": 0.026457682950422168
  },
  "stat0p5_align1p0_otsub0p5_lr0p001": {
    "status": "ok",
    "total": 0.03986324882134795,
    "ke": 13.622345685958862,
    "stationarity": 0.042605987284332514,
    "align": 0.0059535077889449894,
    "ot_sub": 0.022489025257527828
  },
  "stat0p5_align1p0_otsub0p5_lr0p005": {
    "status": "ok",
    "total": 0.02935575833544135,
    "ke": 50.91856527328491,
    "stationarity": 0.021834623534232378,
    "align": 0.006052857497707009,
    "ot_sub": 0.014587464043870568
  },
  "stat0p5_align1p0_otsub0p5_lr0p01": {
    "status": "ok",
    "total": 0.05734028574079275,
    "ke": 19.484900951385498,
    "stationarity": 0.06328509375452995,
    "align": 0.011245209956541657,
    "ot_sub": 0.025008077267557383
  },
  "stat0p5_align1p0_otsub1p0_lr0p0001": {
    "status": "ok",
    "total": 0.33198779448866844,
    "ke": 0.14395063556730747,
    "stationarity": 0.6278645619750023,
    "align": 0.0036093506787437946,
    "ot_sub": 0.01443177042528987
  },
  "stat0p5_align1p0_otsub1p0_lr0p001": {
    "status": "ok",
    "total": 0.050775072537362576,
    "ke": 12.918769001960754,
    "stationarity": 0.04560427227988839,
    "align": 0.006409394205547869,
    "ot_sub": 0.020271665416657925
  },
  "stat0p5_align1p0_otsub1p0_lr0p005": {
    "status": "ok",
    "total": 0.04303769255056977,
    "ke": 46.65826225280762,
    "stationarity": 0.025596721563488245,
    "align": 0.007741122855804861,
    "ot_sub": 0.017832383047789335
  },
  "stat0p5_align1p0_otsub1p0_lr0p01": {
    "status": "ok",
    "total": 0.04153370298445225,
    "ke": 39.1919207572937,
    "stationarity": 0.026353410910815,
    "align": 0.00830515380948782,
    "ot_sub": 0.016132652293890715
  },
  "stat0p5_align1p0_otsub2p0_lr0p0001": {
    "status": "ok",
    "total": 0.3814286105334759,
    "ke": 0.001370010111713782,
    "stationarity": 0.7487684190273285,
    "align": 0.00340959828463383,
    "ot_sub": 0.0018173337448388338
  },
  "stat0p5_align1p0_otsub2p0_lr0p001": {
    "status": "ok",
    "total": 0.10821770131587982,
    "ke": 5.761334657669067,
    "stationarity": 0.0899543296545744,
    "align": 0.007382416049949825,
    "ot_sub": 0.027640994172543287
  },
  "stat0p5_align1p0_otsub2p0_lr0p005": {
    "status": "ok",
    "total": 0.058217639569193125,
    "ke": 47.15152931213379,
    "stationarity": 0.0416698285844177,
    "align": 0.008716851472854614,
    "ot_sub": 0.01197536033578217
  },
  "stat0p5_align1p0_otsub2p0_lr0p01": {
    "status": "ok",
    "total": 0.06980608962476254,
    "ke": 43.80647134780884,
    "stationarity": 0.045853504445403814,
    "align": 0.005204151733778417,
    "ot_sub": 0.018647269112989306
  },
  "stat0p5_align1p0_otsub5p0_lr0p0001": {
    "status": "ok",
    "total": 0.38789380714297295,
    "ke": 0.000531658068211982,
    "stationarity": 0.7609920799732208,
    "align": 0.003522766288369894,
    "ot_sub": 0.0007749889045953751
  },
  "stat0p5_align1p0_otsub5p0_lr0p001": {
    "status": "ok",
    "total": 0.40863488987088203,
    "ke": 0.002968790737213567,
    "stationarity": 0.7497100457549095,
    "align": 0.016375603270716965,
    "ot_sub": 0.0034807941410690546
  },
  "stat0p5_align1p0_otsub5p0_lr0p005": {
    "status": "ok",
    "total": 0.12824940029531717,
    "ke": 25.022101879119873,
    "stationarity": 0.04999773716554046,
    "align": 0.00817983690649271,
    "ot_sub": 0.018513696966692805
  },
  "stat0p5_align1p0_otsub5p0_lr0p01": {
    "status": "ok",
    "total": 0.42587989941239357,
    "ke": 0.0044303544564172626,
    "stationarity": 0.7536386847496033,
    "align": 0.022822125145466998,
    "ot_sub": 0.005247598513960838
  },
  "stat0p5_align2p0_otsub0p5_lr0p0001": {
    "status": "ok",
    "total": 0.3121970146894455,
    "ke": 0.24368042685091496,
    "stationarity": 0.5934398844838142,
    "align": 0.003384256095159799,
    "ot_sub": 0.017368385568261147
  },
  "stat0p5_align2p0_otsub0p5_lr0p001": {
    "status": "ok",